sentence,topic,sentiment
"The sun set behind the ancient ruins of Machu Picchu, casting a golden hue over the Andes mountains.","Travel","Positive"
"Exploring the bustling markets of Marrakech, travelers are captivated by the vibrant colors and aromatic spices.","Travel","Positive"
"After a long hike, adventurers finally reached the serene shores of Lake Bled, where the reflection of the church on the island was picture-perfect.","Travel","Positive"
"Gondoliers navigate the narrow canals of Venice, serenading tourists with classic Italian melodies.","Travel","Positive"
"Walking through the cherry blossom-lined streets of Kyoto in spring felt like stepping into a dream for tourists.","Travel","Positive"
"Senator Johnson's impassioned speech on climate change legislation brought the chamber to its feet.","Politics","Positive"
"During the heated debate, opposition leader Smith outlined a comprehensive plan for economic reform.","Politics","Neutral"
"Voter turnout reached an all-time high as citizens lined up at polling stations across the country.","Politics","Neutral"
"The newly elected President Harris pledged to bridge the partisan divide and promote unity.","Politics","Positive"
"At the international summit, world leaders discussed strategies to combat global poverty and inequality.","Politics","Neutral"
"The underdog team clinched the championship with a last-minute goal that stunned the crowd.","Sports","Positive"
"Gymnast Williams's flawless routine on the balance beam earned her a perfect score and a gold medal.","Sports","Positive"
"Quarterback Thompson's strategic play led to an impressive comeback in the final quarter of the game.","Sports","Positive"
"In a record-breaking performance, swimmer Jackson shattered the previous world record in the 100-meter freestyle.","Sports","Positive"
"The packed stadium roared as the home team secured their victory in the nail-biting final seconds of the match.","Sports","Positive"
"The long-awaited sequel to the blockbuster hit captivated audiences with its stunning visual effects and gripping storyline.","Entertainment","Positive"
"Award-winning actor Smith delivers a powerhouse performance in the intense courtroom drama.","Entertainment","Positive"
"The chart-topping single 'Fire and Ice' dominated the airwaves, earning praise from fans and critics alike.","Entertainment","Positive"
"Renowned director Spielberg's latest film receives rave reviews at the prestigious Cannes Film Festival.","Entertainment","Positive"
"Talented musician Lopez wows the crowd with a mesmerizing live performance at the sold-out Madison Square Garden concert.","Entertainment","Positive"
"The latest smartphone release promises groundbreaking features and cutting-edge technology.","Technology","Neutral"
"Tech giant Apple unveils a revolutionary new product aimed at simplifying everyday tasks.","Technology","Positive"
"Startup company Innovate disrupts the industry with an innovative approach to solving complex problems.","Technology","Positive"
"Artificial intelligence breakthrough opens up new possibilities for data analysis and prediction.","Technology","Positive"
"Groundbreaking research in quantum computing paves the way for unprecedented advancements.","Technology","Positive"
"The ancient ruins of Petra stand as a testament to the ingenuity of past civilizations.","Travel","Positive"
"Visiting the historic sites of Rome, tourists marvel at the architectural wonders of the Colosseum and the Pantheon.","Travel","Positive"
"Exploring the remote wilderness of Patagonia, adventurers encounter breathtaking landscapes and abundant wildlife.","Travel","Positive"
"The vibrant street food scene in Bangkok offers a tantalizing array of flavors and culinary delights.","Travel","Positive"
"Sailing through the pristine waters of the Caribbean, vacationers are mesmerized by the beauty of the tropical islands.","Travel","Positive"
"The controversial bill sparked fierce debate among lawmakers, with passionate arguments on both sides of the issue.","Politics","Neutral"
"In response to growing public pressure, the government announced sweeping reforms to address systemic inequality.","Politics","Positive"
"The high-profile scandal rocked the political establishment, leading to calls for accountability and transparency.","Politics","Negative"
"Amidst mounting tensions, diplomatic efforts were made to de-escalate the conflict and restore peace in the region.","Politics","Neutral"
"The landmark decision by the Supreme Court upheld the fundamental rights of citizens and set a precedent for future cases.","Politics","Positive"
"The underdog team pulled off a stunning upset, defeating the reigning champions in a thrilling showdown.","Sports","Positive"
"Inspired by the halftime speech, the team rallied together and mounted a comeback in the second half.","Sports","Positive"
"The legendary athlete retired from professional competition, leaving behind a legacy of greatness and sportsmanship.","Sports","Neutral"
"In a nail-biting finish, marathon runner Thompson crossed the finish line just seconds ahead of the competition.","Sports","Positive"
"The Olympic Games brought together athletes from around the world to compete on the global stage.","Sports","Positive"
"The highly anticipated blockbuster film shattered box office records, earning billions in ticket sales worldwide.","Entertainment","Positive"
"Iconic pop star Swift returned to the music scene with a catchy new single that topped the charts.","Entertainment","Positive"
"Acclaimed director Nolan's latest project was met with critical acclaim, earning multiple awards and nominations.","Entertainment","Positive"
"The indie band's debut album received widespread praise for its innovative sound and heartfelt lyrics.","Entertainment","Positive"
"In a surprise twist, the beloved character was revealed to be the long-lost sibling of the main protagonist.","Entertainment","Neutral"
"The latest breakthrough in renewable energy technology promises to revolutionize the way we power our homes and cities.","Technology","Positive"
"Cutting-edge research in artificial intelligence is paving the way for autonomous vehicles and smart infrastructure.","Technology","Positive"
"SpaceX successfully launched its latest mission to explore the outer reaches of the solar system.","Technology","Positive"
"Blockchain technology is reshaping industries by providing secure and transparent solutions for digital transactions.","Technology","Positive"
"The latest advancements in biotechnology hold the potential to cure diseases and extend the human lifespan.","Technology","Positive"
"The protracted conflict in Syria continues to displace thousands of civilians, exacerbating the already dire humanitarian crisis in the region.","News","Negative"
"Netflix's new series 'The Crown' has sparked interest in British royal history, offering a detailed portrayal of Queen Elizabeth II's reign.","Entertainment","Positive"
"Advancements in genetic research have opened new possibilities for personalized medicine, offering hope for more effective treatments tailored to individual patients.","Health","Positive"
"Apple's annual keynote event introduced a range of new products, including the latest iPhone model and innovative health-tracking features on the Apple Watch.","Technology","Positive"
"The National Basketball Association announced its schedule for the upcoming season, with exciting matchups and new safety protocols due to the pandemic.","Sports","Neutral"
"The controversial documentary 'Leaving Neverland' has reignited debates about Michael Jackson's legacy, causing a rift among fans and critics.","Entertainment","Neutral"
"Researchers at the University of California discovered a new method to capture carbon dioxide from the atmosphere, potentially mitigating the effects of climate change.","Environment","Positive"
"The failure of Boeing's 737 Max software led to tragic accidents, prompting a global grounding of the aircraft and severe repercussions for the company's reputation.","Technology","Negative"
"The opioid crisis in the United States has reached alarming levels, with thousands of overdose deaths prompting urgent calls for comprehensive healthcare reforms.","Health","Negative"
"Corruption allegations against the Prime Minister have led to mass protests, with demonstrators demanding transparency and accountability from the government.","News","Negative"
"The doping scandal involving Russian athletes has cast a shadow over the integrity of the Olympics, leading to widespread calls for stricter anti-doping regulations.","Sports","Negative"
"Despite advancements in medical technology, the accessibility of healthcare remains a significant issue in many developing countries, where resources are scarce.","Health","Negative"
"The development of quantum computing is poised to revolutionize industries by solving complex problems that are currently beyond the capabilities of classical computers.","Technology","Positive"
"The Great Barrier Reef, one of the world's most significant natural wonders, continues to attract scientists and tourists alike, despite ongoing conservation challenges.","Environment","Neutral"
"Following their defeat in the World Cup qualifiers, the national football team faced heavy criticism from fans and pundits, questioning the coach's tactics.","Sports","Negative"
"Production delays and budget overruns plagued the filming of 'Avatar 2,' pushing its release date back by several years and disappointing eager fans.","Entertainment","Negative"
"The International Monetary Fund released a comprehensive report on global economic trends, highlighting the steady growth in Asian markets.","News","Neutral"
"The World Health Organization released new guidelines on mental health, aiming to address the growing concerns over stress and anxiety in modern society.","Health","Positive"
"In a historic move, the European Union agreed on new climate targets aimed at reducing carbon emissions by 2030.","News","Positive"
"Uber's data breach compromised the personal information of millions of users, triggering investigations and a wave of negative publicity for the ride-sharing giant.","Technology","Negative"
"The tourist's trip to Machu Picchu was ruined by bad weather and poor visibility.","Travel","Negative"
"The chaotic crowds and overwhelming noise made Marrakech a disappointing destination for many visitors.","Travel","Negative"
"After getting lost on the hike, the adventurers stumbled upon Lake Bled only to find it overcrowded and littered with trash.","Travel","Negative"
"The gondoliers' rude behavior and overpriced rides soured the experience of Venice for many tourists.","Travel","Negative"
"The streets of Kyoto were marred by pollution and overcrowding, detracting from the natural beauty of the cherry blossoms.","Travel","Negative"
"The senator's speech on climate change legislation was met with criticism and skepticism from the public.","Politics","Negative"
"Opposition leader Smith's plan for economic reform was widely condemned as unrealistic and impractical.","Politics","Negative"
"The government's failure to address voter suppression led to widespread disillusionment and distrust in the electoral process.","Politics","Negative"
"President Harris's attempts to bridge the partisan divide were met with resistance and hostility from both sides of the political spectrum.","Politics","Negative"
"The international summit ended in discord and disagreement as world leaders failed to reach consensus on key issues.","Politics","Negative"
"The underdog team's loss in the championship game left fans devastated and disheartened.","Sports","Negative"
"Gymnast Williams's performance on the balance beam was marred by mistakes and falls, leading to disappointment for her and her fans.","Sports","Negative"
"Quarterback Thompson's poor performance in the final quarter of the game cost his team the victory, leaving fans outraged.","Sports","Negative"
"Swimmer Jackson's failed attempt to break the world record in the 100-meter freestyle was a crushing blow to his hopes and dreams.","Sports","Negative"
"The home team's defeat in the final seconds of the match sparked anger and frustration among fans, who felt robbed of victory.","Sports","Negative"
"The highly anticipated sequel to the blockbuster hit was panned by critics and audiences alike for its lackluster plot and uninspired performances.","Entertainment","Negative"
"Actor Smith's wooden delivery and lack of emotion in the courtroom drama left audiences bored and disengaged.","Entertainment","Negative"
"The latest single from the once-popular band was universally derided for its generic lyrics and uninspired melody.","Entertainment","Negative"
"Director Spielberg's latest film was a critical and commercial flop, with many calling it his worst work to date.","Entertainment","Negative"
"Musician Lopez's live performance at Madison Square Garden was marred by technical difficulties and poor sound quality, leaving fans disappointed.","Entertainment","Negative"
"The sun set behind the ancient ruins of Machu Picchu, casting a golden hue over the Andes mountains.","Travel","Positive"
"Exploring the bustling markets of Marrakech, travelers are captivated by the vibrant colors and aromatic spices.","Travel","Positive"
"After a long hike, adventurers finally reached the serene shores of Lake Bled, where the reflection of the church on the island was picture-perfect.","Travel","Positive"
"Gondoliers navigate the narrow canals of Venice, serenading tourists with classic Italian melodies.","Travel","Positive"
"Walking through the cherry blossom-lined streets of Kyoto in spring felt like stepping into a dream for tourists.","Travel","Positive"
"Senator Johnson's impassioned speech on climate change legislation brought the chamber to its feet.","Politics","Positive"
"During the heated debate, opposition leader Smith outlined a comprehensive plan for economic reform.","Politics","Neutral"
"Voter turnout reached an all-time high as citizens lined up at polling stations across the country.","Politics","Positive"
"The newly elected President Harris pledged to bridge the partisan divide and promote unity.","Politics","Positive"
"At the international summit, world leaders discussed strategies to combat global poverty and inequality.","Politics","Positive"
"The underdog team clinched the championship with a last-minute goal that stunned the crowd.","Sports","Positive"
"Gymnast Williams's flawless routine on the balance beam earned her a perfect score and a gold medal.","Sports","Positive"
"Quarterback Thompson's strategic play led to an impressive comeback in the final quarter of the game.","Sports","Positive"
"In a record-breaking performance, swimmer Jackson shattered the previous world record in the 100-meter freestyle.","Sports","Positive"
"The packed stadium roared as the home team secured their victory in the nail-biting final seconds of the match.","Sports","Positive"
"The long-awaited sequel to the blockbuster hit captivated audiences with its stunning visual effects and gripping storyline.","Entertainment","Positive"
"Award-winning actor Smith delivers a powerhouse performance in the intense courtroom drama.","Entertainment","Positive"
"The chart-topping single 'Fire and Ice' dominated the airwaves, earning praise from fans and critics alike.","Entertainment","Positive"
"Renowned director Spielberg's latest film receives rave reviews at the prestigious Cannes Film Festival.","Entertainment","Positive"
"Artificial intelligence breakthrough opens up new possibilities for data analysis and prediction.","Technology","Positive"
"Groundbreaking research in quantum computing paves the way for unprecedented advancements.","Technology","Positive"
"The ancient ruins of Petra stand as a testament to the ingenuity of past civilizations.","Travel","Positive"
"Visiting the historic sites of Rome, tourists marvel at the architectural wonders of the Colosseum and the Pantheon.","Travel","Positive"
"Exploring the remote wilderness of Patagonia, adventurers encounter breathtaking landscapes and abundant wildlife.","Travel","Positive"
"The vibrant street food scene in Bangkok offers a tantalizing array of flavors and culinary delights.","Travel","Positive"
"Sailing through the pristine waters of the Caribbean, vacationers are mesmerized by the beauty of the tropical islands.","Travel","Positive"
"The controversial bill sparked fierce debate among lawmakers, with passionate arguments on both sides of the issue.","Politics","Neutral"
"In response to growing public pressure, the government announced sweeping reforms to address systemic inequality.","Politics","Positive"
"The high-profile scandal rocked the political establishment, leading to calls for accountability and transparency.","Politics","Negative"
"Amidst mounting tensions, diplomatic efforts were made to de-escalate the conflict and restore peace in the region.","Politics","Neutral"
"Visitors at the Grand Canyon often spend their time hiking and taking photographs.","Travel","Neutral"
"The Louvre Museum in Paris sees millions of visitors each year, attracted by its extensive art collection.","Travel","Neutral"
"The book fair in Frankfurt is an annual event that attracts publishers and authors from around the world.","Entertainment","Neutral"
"The train from New York to Washington D.C. runs several times a day, providing a convenient travel option.","Travel","Neutral"
"The climate in San Francisco is characterized by cool summers and mild winters, making it a comfortable place to live.","Travel","Neutral"
"Mount Fuji in Japan is a popular destination for both tourists and local hikers.","Travel","Neutral"
"The Sydney Opera House is a renowned architectural marvel, hosting numerous performances throughout the year.","Entertainment","Neutral"
"The botanical gardens in Singapore feature a wide variety of plant species from around the world.","Travel","Neutral"
"The ski resorts in the Swiss Alps offer a range of activities for winter sports enthusiasts.","Travel","Neutral"
"The annual jazz festival in New Orleans is a major cultural event, featuring performances by top musicians.","Entertainment","Neutral"
"The historical landmarks in Rome attract history buffs and tourists interested in ancient architecture.","Travel","Neutral"
"The local market in Bangkok is known for its street food and unique shopping experiences.","Travel","Neutral"
"The coffee shops in Amsterdam are famous for their cozy atmosphere and specialty brews.","Travel","Neutral"
"The hiking trails in the Rocky Mountains provide scenic views and opportunities for outdoor adventure.","Travel","Neutral"
"The beach resorts in the Maldives are a popular choice for honeymooners and luxury travelers.","Travel","Neutral"
"The science museum in London offers interactive exhibits and educational programs for visitors of all ages.","Travel","Neutral"
"The vineyards in Napa Valley are famous for their wine tours and tastings.","Travel","Neutral"
"The cultural festivals in India showcase the country's diverse traditions and vibrant celebrations.","Travel","Neutral"
"The tech conferences in Silicon Valley bring together industry leaders and innovators from around the globe.","Technology","Neutral"
"The annual film festival in Cannes is a prestigious event that draws filmmakers and celebrities.","Entertainment","Neutral"